NODOROUTER_ID,NODO_SITENAME,NODO_PARENTID,UBIGEO,DEPARTAMENTO,PROVINCIA,DISTRITO,LOCALIDAD,NODO_TIPONODO,NODO CON DIVERSIDAD DE RUTA
1,APM-TCORE-BR-SRa4-01,AP-0001-BR01,301010001,APURIMAC,ABANCAY,ABANCAY,ABANCAY,CORE,SI
2,APM-TCORE-BR-SRa4-02,AP-0001-BR02,301010001,APURIMAC,ABANCAY,ABANCAY,ABANCAY,CORE,SI
3,APM-TCORE-CR-SRa4-01,AP-0001-CR01,301010001,APURIMAC,ABANCAY,ABANCAY,ABANCAY,CORE,SI
4,APM-TCORE-CR-SRa4-02,AP-0001-CR02,301010001,APURIMAC,ABANCAY,ABANCAY,ABANCAY,CORE,SI
5,APM-TCORE-SW-SRa8-01,AP-0001-SW01,301010001,APURIMAC,ABANCAY,ABANCAY,ABANCAY,CORE,SI
6,APM-TCORE-SW-SRa8-02,AP-0001-SW02,301010001,APURIMAC,ABANCAY,ABANCAY,ABANCAY,CORE,SI
7,APM-CHACOCHE-DI-SASXP-01,AP-0056-T01,301020001,APURIMAC,ABANCAY,CHACOCHE,CHACOCHE,DISTRIBUCION,NO
8,APM-CIRCA-DI-SASXP-01,AP-0077-T01,301030001,APURIMAC,ABANCAY,CIRCA,CIRCA,DISTRIBUCION,NO
9,APM-CURAHUAS-DI-SASXP-01,AP-0090-T01,301040001,APURIMAC,ABANCAY,CURAHUASI,CURAHUASI,DISTRIBUCION,NO
10,APM-HUANIPAC-DI-SASXP-01,AP-0109-T01,301050001,APURIMAC,ABANCAY,HUANIPACA,HUANIPACA,DISTRIBUCION,NO
11,APM-LAMBRAMA-DI-SASXP-01,AP-0128-T01,301060001,APURIMAC,ABANCAY,LAMBRAMA,LAMBRAMA,DISTRIBUCION,NO
12,APM-PICHIRHU-DI-SASXP-01,AP-0195-T01,301070001,APURIMAC,ABANCAY,PICHIRHUA,PICHIRHUA,DISTRIBUCION,NO
13,APM-CACHORA-DI-SASXP-01,AP-0034-T01,301080001,APURIMAC,ABANCAY,SAN PEDRO DE CACHORA,CACHORA,DISTRIBUCION,NO
14,APM-TAMBURCO-DI-SASXP-01,AP-0261-T01,301090001,APURIMAC,ABANCAY,TAMBURCO,TAMBURCO,DISTRIBUCION,NO
"15,APM-ANDAHUAY-AG-SAS6-01,AP-0012-T01,302010001,APURIMAC,ANDAHUAYLAS,ANDAHUAYLAS,ANDAHUAYLAS,AGREGACION
,SI"
16,APM-ANDARAPA-DI-SASXP-01,AP-0013-T01,302020001,APURIMAC,ANDAHUAYLAS,ANDARAPA,ANDARAPA,DISTRIBUCION,NO
17,APM-CHIARA-DI-SASXP-01,AP-0068-T01,302030001,APURIMAC,ANDAHUAYLAS,CHIARA,CHIARA,DISTRIBUCION,SI
18,APM-HUANCRMA-DI-SASXP-01,AP-0104-T01,302040001,APURIMAC,ANDAHUAYLAS,HUANCARAMA,HUANCARAMA,DISTRIBUCION,NO
19,APM-HUANCARY-DI-SASXP-01,AP-0105-T01,302050001,APURIMAC,ANDAHUAYLAS,HUANCARAY,HUANCARAY,DISTRIBUCION,SI
20,APM-HUAYANA-DI-SASXP-01,AP-0113-T01,302060001,APURIMAC,ANDAHUAYLAS,HUAYANA,HUAYANA,DISTRIBUCION,SI
21,APM-KAQUIABA-DI-SASXP-01,AP-0123-T01,302190001,APURIMAC,ANDAHUAYLAS,KAQUIABAMBA,KAQUIABAMBA,DISTRIBUCION,NO
22,APM-KISHUARA-DI-SASXP-01,AP-0125-T01,302070001,APURIMAC,ANDAHUAYLAS,KISHUARA,KISHUARA,DISTRIBUCION,SI
23,APM-PACOBAMB-DI-SASXP-01,AP-0179-T01,302080001,APURIMAC,ANDAHUAYLAS,PACOBAMBA,PACOBAMBA,DISTRIBUCION,NO
24,APM-PACUCHA-DI-SASXP-01,AP-0180-T01,302090001,APURIMAC,ANDAHUAYLAS,PACUCHA,PACUCHA,DISTRIBUCION,NO
25,APM-PAMPACHI-DI-SASXP-01,AP-0184-T01,302100001,APURIMAC,ANDAHUAYLAS,PAMPACHIRI,PAMPACHIRI,DISTRIBUCION,SI
26,APM-POMACOCH-DI-SASXP-01,AP-0204-T01,302110001,APURIMAC,ANDAHUAYLAS,POMACOCHA,POMACOCHA,DISTRIBUCION,SI
27,APM-SANCACHI-DI-SASXP-01,AP-0224-T01,302120001,APURIMAC,ANDAHUAYLAS,SAN ANTONIO DE CACHI,SAN ANTONIO DE CACHI,DISTRIBUCION,SI
28,APM-JERONIMO-DI-SASXP-01,AP-0226-T01,302130001,APURIMAC,ANDAHUAYLAS,SAN JERONIMO,SAN JERONIMO,DISTRIBUCION,SI
29,APM-CHACCRAM-DI-SASXP-01,AP-0055-T01,302140001,APURIMAC,ANDAHUAYLAS,SAN MIGUEL DE CHACCRAMPA,CHACCRAMPA,DISTRIBUCION,SI
30,APM-CHICMO-DI-SASXP-01,AP-0239-T01,302150001,APURIMAC,ANDAHUAYLAS,SANTA MARIA DE CHICMO,SANTA MARIA DE CHICMO,DISTRIBUCION,SI
31,APM-TALAVERA-DI-SASXP-01,AP-0258-T01,302160001,APURIMAC,ANDAHUAYLAS,TALAVERA,TALAVERA,DISTRIBUCION,SI
32,APM-UMAMARCA-DI-SASXP-01,AP-0282-T01,302170001,APURIMAC,ANDAHUAYLAS,TUMAY HUARACA,UMAMARCA,DISTRIBUCION,SI
33,APM-TURPO-DI-SASXP-01,AP-0279-T01,302180001,APURIMAC,ANDAHUAYLAS,TURPO,TURPO,DISTRIBUCION,NO
"34,APM-ANTABAMA-AG-SAS6-01,AP-0014-T01,303010001,APURIMAC,ANTABAMBA,ANTABAMBA,ANTABAMBA,AGREGACION
,SI"
35,APM-AYAHUAY-DI-SASXP-01,AP-0027-T01,303020001,APURIMAC,ANTABAMBA,EL ORO,AYAHUAY,DISTRIBUCION,NO
36,APM-HUAQUIRC-DI-SASXP-01,AP-0110-T01,303030001,APURIMAC,ANTABAMBA,HUAQUIRCA,HUAQUIRCA,DISTRIBUCION,SI
37,APM-MOLLEBAM-DI-SASXP-01,AP-0153-T01,303040001,APURIMAC,ANTABAMBA,JUAN ESPINOZA MEDRANO,MOLLEBAMBA,DISTRIBUCION,SI
38,APM-OROPESA-DI-SASXP-01,AP-0174-T01,303050001,APURIMAC,ANTABAMBA,OROPESA,OROPESA,DISTRIBUCION,NO
39,APM-PACHACON-DI-SASXP-01,AP-0178-T01,303060001,APURIMAC,ANTABAMBA,PACHACONAS,PACHACONAS,DISTRIBUCION,NO
40,APM-CAPAYA-DI-SASXP-01,AP-0036-T01,304020001,APURIMAC,AYMARAES,CAPAYA,CAPAYA,DISTRIBUCION,SI
41,APM-CARAYBAM-DI-SASXP-01,AP-0037-T01,304030001,APURIMAC,AYMARAES,CARAYBAMBA,CARAYBAMBA,DISTRIBUCION,SI
"42,APM-CHALHUAN-AG-SAS6-01,AP-0057-T01,304010001,APURIMAC,AYMARAES,CHALHUANCA,CHALHUANCA,AGREGACION
,SI"
43,APM-CHAPIMAR-DI-SASXP-01,AP-0063-T01,304040001,APURIMAC,AYMARAES,CHAPIMARCA,CHAPIMARCA,DISTRIBUCION,NO
44,APM-COLCABAM-DI-SASXP-01,AP-0079-T01,304050001,APURIMAC,AYMARAES,COLCABAMBA,COLCABAMBA,DISTRIBUCION,NO
45,APM-COTARUSE-DI-SASXP-01,AP-0087-T01,304060001,APURIMAC,AYMARAES,COTARUSE,COTARUSE,DISTRIBUCION,NO
46,APM-HUAYLLO-DI-SASXP-01,AP-0117-T01,304070001,APURIMAC,AYMARAES,HUAYLLO,HUAYLLO,DISTRIBUCION,SI
47,APM-PICHIHUA-DI-SASXP-01,AP-0194-T01,304080001,APURIMAC,AYMARAES,JUSTO APU SAHUARAURA,PICHIHUA,DISTRIBUCION,NO
48,APM-LUCRE-DI-SASXP-01,AP-0138-T01,304090001,APURIMAC,AYMARAES,LUCRE,LUCRE,DISTRIBUCION,NO
49,APM-POCOHUAN-DI-SASXP-01,AP-0202-T01,304100001,APURIMAC,AYMARAES,POCOHUANCA,POCOHUANCA,DISTRIBUCION,SI
50,APM-CHACNA-DI-SASXP-01,AP-0229-T01,304110001,APURIMAC,AYMARAES,SAN JUAN DE CHAC헤,SAN JUAN DE CHAC헤,DISTRIBUCION,NO
51,APM-SANAYCA-DI-SASXP-01,AP-0243-T01,304120001,APURIMAC,AYMARAES,SA헤YCA,SA헤YCA,DISTRIBUCION,SI
52,APM-SORAYA-DI-SASXP-01,AP-0253-T01,304130001,APURIMAC,AYMARAES,SORAYA,SORAYA,DISTRIBUCION,SI
53,APM-TAPAIRIH-DI-SASXP-01,AP-0263-T01,304140001,APURIMAC,AYMARAES,TAPAIRIHUA,TAPAIRIHUA,DISTRIBUCION,SI
54,APM-TINTAY-DI-SASXP-01,AP-0270-T01,304150001,APURIMAC,AYMARAES,TINTAY,TINTAY,DISTRIBUCION,NO
55,APM-TORAYA-DI-SASXP-01,AP-0273-T01,304160001,APURIMAC,AYMARAES,TORAYA,TORAYA,DISTRIBUCION,NO
56,APM-YANACA-DI-SASXP-01,AP-0292-T01,304170001,APURIMAC,AYMARAES,YANACA,YANACA,DISTRIBUCION,NO
57,APM-URIPA-DI-SASXP-01,AP-0285-T01,306020001,APURIMAC,CHINCHEROS,ANCO_HUALLO,URIPA,DISTRIBUCION,SI
"58,APM-CHINCHER-AG-SAS6-01,AP-0070-T01,306010001,APURIMAC,CHINCHEROS,CHINCHEROS,CHINCHEROS,AGREGACION
,SI"
59,APM-COCHARCA-DI-SASXP-01,AP-0078-T01,306030001,APURIMAC,CHINCHEROS,COCHARCAS,COCHARCAS,DISTRIBUCION,NO
60,APM-HUACCANA-DI-SASXP-01,AP-0095-T01,306040001,APURIMAC,CHINCHEROS,HUACCANA,HUACCANA,DISTRIBUCION,SI
61,APM-OCOBAMBA-DI-SASXP-01,AP-0169-T01,306050001,APURIMAC,CHINCHEROS,OCOBAMBA,OCOBAMBA,DISTRIBUCION,SI
62,APM-ONGOY-DI-SASXP-01,AP-0172-T01,306060001,APURIMAC,CHINCHEROS,ONGOY,ONGOY,DISTRIBUCION,SI
63,APM-ROCCHAC-DI-SASXP-01,AP-0219-T01,306090001,APURIMAC,CHINCHEROS,ROCCHACC,ROCCHACC,DISTRIBUCION,SI
64,APM-RANRACAN-DI-SASXP-01,AP-0215-T01,306080001,APURIMAC,CHINCHEROS,RANRACANCHA,RANRACANCHA,DISTRIBUCION,NO
65,APM-URANMARC-DI-SASXP-01,AP-0284-T01,306070001,APURIMAC,CHINCHEROS,URANMARCA,URANMARCA,DISTRIBUCION,SI
66,APM-CHALLHUA-DI-SASXP-01,AP-0058-T01,305060001,APURIMAC,COTABAMBAS,CHALLHUAHUACHO,CHALLHUAHUACHO,DISTRIBUCION,SI
67,APM-COTABAMB-DI-SASXP-01,AP-0085-T01,305020001,APURIMAC,COTABAMBAS,COTABAMBAS,COTABAMBAS,DISTRIBUCION,SI
68,APM-COYLLURQ-DI-SASXP-01,AP-0088-T01,305030001,APURIMAC,COTABAMBAS,COYLLURQUI,COYLLURQUI,DISTRIBUCION,SI
69,APM-HAQUIRA-DI-SASXP-01,AP-0094-T01,305040001,APURIMAC,COTABAMBAS,HAQUIRA,HAQUIRA,DISTRIBUCION,SI
70,APM-MARA-DI-SASXP-01,AP-0144-T01,305050001,APURIMAC,COTABAMBAS,MARA,MARA,DISTRIBUCION,NO
"71,APM-TAMBOBAM-AG-SAS6-01,AP-0260-T01,305010001,APURIMAC,COTABAMBAS,TAMBOBAMBA,TAMBOBAMBA,AGREGACION
,SI"
"72,APM-CHUQUIBA-AG-SAS6-01,AP-0075-T01,307010001,APURIMAC,GRAU,CHUQUIBAMBILLA,CHUQUIBAMBILLA,AGREGACION
,SI"
73,APM-CURASCO-DI-SASXP-01,AP-0091-T01,307140001,APURIMAC,GRAU,CURASCO,CURASCO,DISTRIBUCION,NO
74,APM-CURPAHUA-DI-SASXP-01,AP-0092-T01,307020001,APURIMAC,GRAU,CURPAHUASI,CURPAHUASI,DISTRIBUCION,SI
75,APM-PALPACAC-DI-SASXP-01,AP-0183-T01,307030001,APURIMAC,GRAU,GAMARRA,PALPACACHI,DISTRIBUCION,NO
76,APM-HUAYLLAT-DI-SASXP-01,AP-0116-T01,307040001,APURIMAC,GRAU,HUAYLLATI,HUAYLLATI,DISTRIBUCION,SI
77,APM-MAMARA-DI-SASXP-01,AP-0141-T01,307050001,APURIMAC,GRAU,MAMARA,MAMARA,DISTRIBUCION,NO
78,APM-AYRIHUAN-DI-SASXP-01,AP-0029-T01,307060001,APURIMAC,GRAU,MICAELA BASTIDAS,AYRIHUANCA,DISTRIBUCION,SI
79,APM-PATAYPAM-DI-SASXP-01,AP-0192-T01,307070001,APURIMAC,GRAU,PATAYPAMPA,PATAYPAMPA,DISTRIBUCION,NO
80,APM-PROGRESO-DI-SASXP-01,AP-0205-T01,307080001,APURIMAC,GRAU,PROGRESO,PROGRESO,DISTRIBUCION,SI
81,APM-SANANTON-DI-SASXP-01,AP-0222-T01,307090001,APURIMAC,GRAU,SAN ANTONIO,SAN ANTONIO,DISTRIBUCION,SI
82,APM-SANTAROS-DI-SASXP-01,AP-0242-T01,307100001,APURIMAC,GRAU,SANTA ROSA,SANTA ROSA,DISTRIBUCION,SI
83,APM-TURPAY-DI-SASXP-01,AP-0278-T01,307110001,APURIMAC,GRAU,TURPAY,TURPAY,DISTRIBUCION,SI
84,APM-VILCABAM-DI-SASXP-01,AP-0288-T01,307120001,APURIMAC,GRAU,VILCABAMBA,VILCABAMBA,DISTRIBUCION,SI
85,APM-VIRUNDO-DI-SASXP-01,AP-0233-T01,307130001,APURIMAC,GRAU,VIRUNDO,SAN JUAN DE VIRUNDO,DISTRIBUCION,NO
"1,AYA-CANGALLO-AG-SAS6-01,AY-0041-T01,502010001,AYACUCHO,CANGALLO,CANGALLO,CANGALLO,AGREGACION
,SI"
2,AYA-CHUSCHI-DI-SASXP-01,AY-0121-T01,502020001,AYACUCHO,CANGALLO,CHUSCHI,CHUSCHI,DISTRIBUCION,NO
3,AYA-PMPACANG-DI-SASXP-01,AY-0268-T01,502030001,AYACUCHO,CANGALLO,LOS MOROCHUCOS,PAMPA CANGALLO,DISTRIBUCION,NO
4,AYA-POMABAMB-DI-SASXP-01,AY-0219-T01,502040001,AYACUCHO,CANGALLO,MARIA PARADO DE BELLIDO,POMABAMBA,DISTRIBUCION,SI
5,AYA-PARAS-DI-SASXP-01,AY-0210-T01,502050001,AYACUCHO,CANGALLO,PARAS,PARAS,DISTRIBUCION,NO
6,AYA-TOTOS-DI-SASXP-01,AY-0339-T01,502060001,AYACUCHO,CANGALLO,TOTOS,TOTOS,DISTRIBUCION,NO
7,AYA-ACOCRO-DI-SASXP-01,AY-0005-T01,501020001,AYACUCHO,HUAMANGA,ACOCRO,ACOCRO,DISTRIBUCION,SI
8,AYA-ACOSVINC-DI-SASXP-01,AY-0011-T01,501030001,AYACUCHO,HUAMANGA,ACOS VINCHOS,ACOS VINCHOS,DISTRIBUCION,NO
9,AYA-TCORE-BR-SRa4-01,AY-0027-BR01,501010001,AYACUCHO,HUAMANGA,AYACUCHO,AYACUCHO,CORE,NO
10,AYA-TCORE-BR-SRa4-02,AY-0027-BR02,501010001,AYACUCHO,HUAMANGA,AYACUCHO,AYACUCHO,CORE,NO
11,AYA-TCORE-CR-SRa4-01,AY-0027-CR01,501010001,AYACUCHO,HUAMANGA,AYACUCHO,AYACUCHO,CORE,NO
12,AYA-TCORE-CR-SRa4-02,AY-0027-CR02,501010001,AYACUCHO,HUAMANGA,AYACUCHO,AYACUCHO,CORE,NO
13,AYA-TCORE-SW-SRa8-01,AY-0027-SW01,501010001,AYACUCHO,HUAMANGA,AYACUCHO,AYACUCHO,CORE,NO
14,AYA-TCORE-SW-SRa8-02,AY-0027-SW02,501010001,AYACUCHO,HUAMANGA,AYACUCHO,AYACUCHO,CORE,NO
15,AYA-CARMENAL-DI-SASXP-01,AY-0049-T01,501040001,AYACUCHO,HUAMANGA,CARMEN ALTO,CARMEN ALTO,DISTRIBUCION,NO
16,AYA-CHIARA-DI-SASXP-01,AY-0113-T01,501050001,AYACUCHO,HUAMANGA,CHIARA,CHIARA,DISTRIBUCION,NO
17,AYA-LASNAZAR-DI-SASXP-01,AY-0146-T01,501150001,AYACUCHO,HUAMANGA,JESUS NAZARENO,LAS NAZARENAS,DISTRIBUCION,SI
18,AYA-OCROS-DI-SASXP-01,AY-0232-T01,501060001,AYACUCHO,HUAMANGA,OCROS,OCROS,DISTRIBUCION,NO
19,AYA-PACAYCAS-DI-SASXP-01,AY-0194-T01,501070001,AYACUCHO,HUAMANGA,PACAYCASA,PACAYCASA,DISTRIBUCION,NO
20,AYA-QUINUA-DI-SASXP-01,AY-0243-T01,501080001,AYACUCHO,HUAMANGA,QUINUA,QUINUA,DISTRIBUCION,SI
21,AYA-TICLLAS-DI-SASXP-01,AY-0335-T01,501090001,AYACUCHO,HUAMANGA,SAN JOSE DE TICLLAS,TICLLAS,DISTRIBUCION,NO
22,AYA-BAUTISTA-DI-SASXP-01,AY-0281-T01,501100001,AYACUCHO,HUAMANGA,SAN JUAN BAUTISTA,SAN JUAN BAUTISTA,DISTRIBUCION,NO
23,AYA-CACHI-DI-SASXP-01,AY-0288-T01,501110001,AYACUCHO,HUAMANGA,SANTIAGO DE PISCHA,SAN PEDRO DE CACHI,DISTRIBUCION,NO
24,AYA-SOCOS-DI-SASXP-01,AY-0325-T01,501120001,AYACUCHO,HUAMANGA,SOCOS,SOCOS,DISTRIBUCION,NO
25,AYA-TAMBILLO-DI-SASXP-01,AY-0330-T01,501130001,AYACUCHO,HUAMANGA,TAMBILLO,TAMBILLO,DISTRIBUCION,NO
26,AYA-VINCHOS-DI-SASXP-01,AY-0355-T01,501140001,AYACUCHO,HUAMANGA,VINCHOS,VINCHOS,DISTRIBUCION,NO
27,AYA-CARAPO-DI-SASXP-01,AY-0044-T01,503020001,AYACUCHO,HUANCA SANCOS,CARAPO,CARAPO,DISTRIBUCION,NO
28,AYA-SACSAMAR-DI-SASXP-01,AY-0254-T01,503030001,AYACUCHO,HUANCA SANCOS,SACSAMARCA,SACSAMARCA,DISTRIBUCION,NO
"29,AYA-HUANCASA-AG-SAS6-01,AY-0118-T01,503010001,AYACUCHO,HUANCA SANCOS,SANCOS,HUANCA SANCOS,AGREGACION
,NO"
30,AYA-LUCANAMA-DI-SASXP-01,AY-0312-T01,503040001,AYACUCHO,HUANCA SANCOS,SANTIAGO DE LUCANAMARCA,SANTIAGO DE LUCANAMARCA,DISTRIBUCION,NO
31,AYA-VIRACOCH-DI-SASXP-01,AY-0356-T01,504020001,AYACUCHO,HUANTA,AYAHUANCO,VIRACOCHAN,DISTRIBUCION,NO
32,AYA-HUAMANGU-DI-SASXP-01,AY-0152-T01,504030001,AYACUCHO,HUANTA,HUAMANGUILLA,HUAMANGUILLA,DISTRIBUCION,SI
"33,AYA-HUANTA-AG-SAS6-01,AY-0123-T01,504010001,AYACUCHO,HUANTA,HUANTA,HUANTA,AGREGACION
,SI"
34,AYA-MACACHAC-DI-SASXP-01,AY-0157-T01,504040001,AYACUCHO,HUANTA,IGUAIN,MACACHACRA,DISTRIBUCION,SI
35,AYA-CANAYRE-DI-SASXP-01,AY-0038-T01,504080004,AYACUCHO,HUANTA,LLOCHEGUA,CANAYRE,DISTRIBUCION,NO
36,AYA-LLOCHEGU-DI-SASXP-01,AY-0191-T01,504080001,AYACUCHO,HUANTA,LLOCHEGUA,LLOCHEGUA,DISTRIBUCION,NO
37,AYA-LURICOCH-DI-SASXP-01,AY-0156-T01,504050001,AYACUCHO,HUANTA,LURICOCHA,LURICOCHA,DISTRIBUCION,SI
38,AYA-SECCE-DI-SASXP-01,AY-0278-T01,504060001,AYACUCHO,HUANTA,SANTILLANA,SAN JOSE DE SECCE,DISTRIBUCION,NO
39,AYA-SIVIA-DI-SASXP-01,AY-0328-T01,504070001,AYACUCHO,HUANTA,SIVIA,SIVIA,DISTRIBUCION,NO
40,AYA-ANCHIHUA-DI-SASXP-01,AY-0063-T01,505020005,AYACUCHO,LA MAR,ANCO,ANCHIHUAY,DISTRIBUCION,SI
41,AYA-CHIQUINT-DI-SASXP-01,AY-0114-T01,505020001,AYACUCHO,LA MAR,ANCO,CHIQUINTIRCA,DISTRIBUCION,SI
42,AYA-SANFRANC-DI-SASXP-01,AY-0269-T01,505030001,AYACUCHO,LA MAR,AYNA,SAN FRANCISCO,DISTRIBUCION,SI
43,AYA-CHILCAS-DI-SASXP-01,AY-0073-T01,505040001,AYACUCHO,LA MAR,CHILCAS,CHILCAS,DISTRIBUCION,SI
44,AYA-CHUNGUI-DI-SASXP-01,AY-0082-T01,505050001,AYACUCHO,LA MAR,CHUNGUI,CHUNGUI,DISTRIBUCION,NO
45,AYA-PAMPAS-DI-SASXP-01,AY-0206-T01,505060001,AYACUCHO,LA MAR,LUIS CARRANZA,PAMPAS,DISTRIBUCION,NO
46,AYA-PALMAPAM-DI-SASXP-01,AY-0199-T01,505090001,AYACUCHO,LA MAR,SAMUGARI,PALMAPAMPA,DISTRIBUCION,SI
"47,AYA-SANMIGUE-AG-SAS6-01,AY-0292-T01,505010001,AYACUCHO,LA MAR,SAN MIGUEL,SAN MIGUEL,AGREGACION
,SI"
48,AYA-SANTAROS-DI-SASXP-01,AY-0307-T01,505070001,AYACUCHO,LA MAR,SANTA ROSA,SANTA ROSA (@SANTA ROSA),DISTRIBUCION,SI
49,AYA-TAMBO-DI-SASXP-01,AY-0331-T01,505080001,AYACUCHO,LA MAR,TAMBO,TAMBO,DISTRIBUCION,SI
50,AYA-AUCARA-DI-SASXP-01,AY-0023-T01,506020001,AYACUCHO,LUCANAS,AUCARA,AUCARA,DISTRIBUCION,NO
51,AYA-CABANA-DI-SASXP-01,AY-0035-T01,506030001,AYACUCHO,LUCANAS,CABANA,CABANA,DISTRIBUCION,NO
52,AYA-ANDAMARC-DI-SASXP-01,AY-0012-T01,506040001,AYACUCHO,LUCANAS,CARMEN SALCEDO,ANDAMARCA,DISTRIBUCION,NO
53,AYA-CHAVINA-DI-SASXP-01,AY-0068-T01,506050001,AYACUCHO,LUCANAS,CHAVI헤,CHAVI헤,DISTRIBUCION,NO
54,AYA-CHIPAO-DI-SASXP-01,AY-0076-T01,506060001,AYACUCHO,LUCANAS,CHIPAO,CHIPAO,DISTRIBUCION,NO
55,AYA-HUAC-HUA-DI-SASXP-01,AY-0151-T01,506070001,AYACUCHO,LUCANAS,HUAC-HUAS,HUAC-HUAS,DISTRIBUCION,NO
56,AYA-LARAMATE-DI-SASXP-01,AY-0144-T01,506080001,AYACUCHO,LUCANAS,LARAMATE,LARAMATE (@LARAMATE),DISTRIBUCION,NO
57,AYA-TAMBOQUE-DI-SASXP-01,AY-0332-T01,506090001,AYACUCHO,LUCANAS,LEONCIO PRADO,TAMBO QUEMADO,DISTRIBUCION,NO
58,AYA-LLAUTA-DI-SASXP-01,AY-0175-T01,506100001,AYACUCHO,LUCANAS,LLAUTA,LLAUTA,DISTRIBUCION,NO
59,AYA-LUCANAS-DI-SASXP-01,AY-0155-T01,506110001,AYACUCHO,LUCANAS,LUCANAS,LUCANAS,DISTRIBUCION,NO
60,AYA-OCANA-DI-SASXP-01,AY-0188-T01,506120001,AYACUCHO,LUCANAS,OCA헤,OCA헤,DISTRIBUCION,NO
61,AYA-OTOCA-DI-SASXP-01,AY-0247-T01,506130001,AYACUCHO,LUCANAS,OTOCA,OTOCA,DISTRIBUCION,NO
"62,AYA-PUQUIO-AG-SAS6-01,AY-0230-T01,506010001,AYACUCHO,LUCANAS,PUQUIO,PUQUIO,AGREGACION
,NO"
63,AYA-SAISA-DI-SASXP-01,AY-0274-T01,506140001,AYACUCHO,LUCANAS,SAISA,SAISA,DISTRIBUCION,NO
64,AYA-SANCRIST-DI-SASXP-01,AY-0007-T01,506150001,AYACUCHO,LUCANAS,SAN CRISTOBAL,SAN CRISTOBAL,DISTRIBUCION,NO
65,AYA-SANJUAN-DI-SASXP-01,AY-0280-T01,506160001,AYACUCHO,LUCANAS,SAN JUAN,SAN JUAN,DISTRIBUCION,NO
66,AYA-SANPEDRO-DI-SASXP-01,AY-0294-T01,506170001,AYACUCHO,LUCANAS,SAN PEDRO,SAN PEDRO,DISTRIBUCION,NO
67,AYA-PALCO-DI-SASXP-01,AY-0298-T01,506180001,AYACUCHO,LUCANAS,SAN PEDRO DE PALCO,SAN PEDRO DE PALCO,DISTRIBUCION,NO
68,AYA-SANCOS-DI-SASXP-01,AY-0303-T01,506190001,AYACUCHO,LUCANAS,SANCOS,SANCOS,DISTRIBUCION,NO
69,AYA-HUAYCAHU-DI-SASXP-01,AY-0304-T01,506200001,AYACUCHO,LUCANAS,SANTA ANA DE HUAYCAHUACHO,SANTA ANA DE HUAYCAHUACHO,DISTRIBUCION,NO
70,AYA-SANTALUC-DI-SASXP-01,AY-0302-T01,506210001,AYACUCHO,LUCANAS,SANTA LUCIA,SANTA LUCIA,DISTRIBUCION,NO
71,AYA-CHUMPI-DI-SASXP-01,AY-0081-T01,507020001,AYACUCHO,PARINACOCHAS,CHUMPI,CHUMPI,DISTRIBUCION,SI
"72,AYA-CORACORA-AG-SAS6-01,AY-0098-T01,507010001,AYACUCHO,PARINACOCHAS,CORACORA,CORACORA,AGREGACION
,SI"
73,AYA-ANISO-DI-SASXP-01,AY-0013-T01,507030001,AYACUCHO,PARINACOCHAS,CORONEL CASTA헨DA,ANISO,DISTRIBUCION,NO
74,AYA-PACAPAUS-DI-SASXP-01,AY-0193-T01,507040001,AYACUCHO,PARINACOCHAS,PACAPAUSA,PACAPAUSA,DISTRIBUCION,NO
75,AYA-PULLO-DI-SASXP-01,AY-0227-T01,507050001,AYACUCHO,PARINACOCHAS,PULLO,PULLO,DISTRIBUCION,SI
76,AYA-INCUYO-DI-SASXP-01,AY-0135-T01,507060001,AYACUCHO,PARINACOCHAS,PUYUSCA,INCUYO,DISTRIBUCION,SI
77,AYA-RAVACAYC-DI-SASXP-01,AY-0272-T01,507070001,AYACUCHO,PARINACOCHAS,SAN FRANCISCO DE RAVACAYCO,SAN FRANCISCO DE RAVACAYCO,DISTRIBUCION,SI
78,AYA-UPAHUACH-DI-SASXP-01,AY-0347-T01,507080001,AYACUCHO,PARINACOCHAS,UPAHUACHO,UPAHUACHO,DISTRIBUCION,NO
79,AYA-COLTA-DI-SASXP-01,AY-0091-T01,508020001,AYACUCHO,PAUCAR DEL SARA SARA,COLTA,COLTA,DISTRIBUCION,NO
80,AYA-CORCULLA-DI-SASXP-01,AY-0101-T01,508030001,AYACUCHO,PAUCAR DEL SARA SARA,CORCULLA,CORCULLA,DISTRIBUCION,NO
81,AYA-LAMPA-DI-SASXP-01,AY-0143-T01,508040001,AYACUCHO,PAUCAR DEL SARA SARA,LAMPA,LAMPA,DISTRIBUCION,SI
82,AYA-MARCABAM-DI-SASXP-01,AY-0162-T01,508050001,AYACUCHO,PAUCAR DEL SARA SARA,MARCABAMBA,MARCABAMBA,DISTRIBUCION,SI
83,AYA-OYOLO-DI-SASXP-01,AY-0192-T01,508060001,AYACUCHO,PAUCAR DEL SARA SARA,OYOLO,OYOLO,DISTRIBUCION,NO
84,AYA-PARARCA-DI-SASXP-01,AY-0209-T01,508070001,AYACUCHO,PAUCAR DEL SARA SARA,PARARCA,PARARCA,DISTRIBUCION,SI
"85,AYA-PAUSA-AG-SAS6-01,AY-0214-T01,508010001,AYACUCHO,PAUCAR DEL SARA SARA,PAUSA,PAUSA,AGREGACION
,SI"
86,AYA-ALPABAMB-DI-SASXP-01,AY-0273-T01,508080001,AYACUCHO,PAUCAR DEL SARA SARA,SAN JAVIER DE ALPABAMBA,SAN JAVIER DE ALPABAMBA,DISTRIBUCION,SI
87,AYA-USHUA-DI-SASXP-01,AY-0279-T01,508090001,AYACUCHO,PAUCAR DEL SARA SARA,SAN JOSE DE USHUA,SAN JOSE DE USHUA,DISTRIBUCION,NO
88,AYA-QUILCATA-DI-SASXP-01,AY-0239-T01,508100001,AYACUCHO,PAUCAR DEL SARA SARA,SARA SARA,QUILCATA,DISTRIBUCION,SI
89,AYA-BELEN-DI-SASXP-01,AY-0032-T01,509020001,AYACUCHO,SUCRE,BELEN,BELEN,DISTRIBUCION,NO
90,AYA-CHALCOS-DI-SASXP-01,AY-0112-T01,509030001,AYACUCHO,SUCRE,CHALCOS,CHALCOS,DISTRIBUCION,NO
91,AYA-CHILCAYO-DI-SASXP-01,AY-0074-T01,509040001,AYACUCHO,SUCRE,CHILCAYOC,CHILCAYOC,DISTRIBUCION,NO
92,AYA-HUACANA-DI-SASXP-01,AY-0109-T01,509050001,AYACUCHO,SUCRE,HUACA헤,HUACA헤,DISTRIBUCION,NO
93,AYA-MORCOLLA-DI-SASXP-01,AY-0176-T01,509060001,AYACUCHO,SUCRE,MORCOLLA,MORCOLLA,DISTRIBUCION,NO
94,AYA-PAICO-DI-SASXP-01,AY-0196-T01,509070001,AYACUCHO,SUCRE,PAICO,PAICO,DISTRIBUCION,NO
"95,AYA-QUEROBAM-AG-SAS6-01,AY-0238-T01,509010001,AYACUCHO,SUCRE,QUEROBAMBA,QUEROBAMBA,AGREGACION
,NO"
96,AYA-LARCAY-DI-SASXP-01,AY-0297-T01,509080001,AYACUCHO,SUCRE,SAN PEDRO DE LARCAY,SAN PEDRO DE LARCAY,DISTRIBUCION,NO
97,AYA-QUIJE-DI-SASXP-01,AY-0300-T01,509090001,AYACUCHO,SUCRE,SAN SALVADOR DE QUIJE,SAN SALVADOR DE QUIJE,DISTRIBUCION,NO
98,AYA-PAUCARAY-DI-SASXP-01,AY-0313-T01,509100001,AYACUCHO,SUCRE,SANTIAGO DE PAUCARAY,SANTIAGO DE PAUCARAY,DISTRIBUCION,NO
99,AYA-SORAS-DI-SASXP-01,AY-0338-T01,509110001,AYACUCHO,SUCRE,SORAS,SORAS,DISTRIBUCION,NO
100,AYA-ALCAMENC-DI-SASXP-01,AY-0024-T01,510020001,AYACUCHO,VICTOR FAJARDO,ALCAMENCA,ALCAMENCA,DISTRIBUCION,NO
101,AYA-APONGO-DI-SASXP-01,AY-0015-T01,510030001,AYACUCHO,VICTOR FAJARDO,APONGO,APONGO,DISTRIBUCION,NO
102,AYA-ASQUIPAT-DI-SASXP-01,AY-0020-T01,510040001,AYACUCHO,VICTOR FAJARDO,ASQUIPATA,ASQUIPATA,DISTRIBUCION,NO
103,AYA-CANARIA-DI-SASXP-01,AY-0037-T01,510050001,AYACUCHO,VICTOR FAJARDO,CANARIA,CANARIA,DISTRIBUCION,NO
104,AYA-CAYARA-DI-SASXP-01,AY-0111-T01,510060001,AYACUCHO,VICTOR FAJARDO,CAYARA,CAYARA,DISTRIBUCION,NO
105,AYA-COLCA-DI-SASXP-01,AY-0140-T01,510070001,AYACUCHO,VICTOR FAJARDO,COLCA,COLCA,DISTRIBUCION,NO
106,AYA-HUAMANQU-DI-SASXP-01,AY-0164-T01,510080001,AYACUCHO,VICTOR FAJARDO,HUAMANQUIQUIA,HUAMANQUIQUIA,DISTRIBUCION,SI
"107,AYA-HUANCAPI-AG-SAS6-01,AY-0119-T01,510010001,AYACUCHO,VICTOR FAJARDO,HUANCAPI,HUANCAPI,AGREGACION
,SI"
108,AYA-HUANCARA-DI-SASXP-01,AY-0120-T01,510090001,AYACUCHO,VICTOR FAJARDO,HUANCARAYLLA,HUANCARAYLLA,DISTRIBUCION,SI
109,AYA-HUAYA-DI-SASXP-01,AY-0295-T01,510100001,AYACUCHO,VICTOR FAJARDO,HUAYA,SAN PEDRO DE HUAYA,DISTRIBUCION,NO
110,AYA-SARHUA-DI-SASXP-01,AY-0305-T01,510110001,AYACUCHO,VICTOR FAJARDO,SARHUA,SARHUA,DISTRIBUCION,SI
111,AYA-VILCANCH-DI-SASXP-01,AY-0354-T01,510120001,AYACUCHO,VICTOR FAJARDO,VILCANCHOS,VILCANCHOS,DISTRIBUCION,NO
112,AYA-ACCOMARC-DI-SASXP-01,AY-0010-T01,511020001,AYACUCHO,VILCAS HUAMAN,ACCOMARCA,ACCOMARCA,DISTRIBUCION,NO
113,AYA-CARHUANC-DI-SASXP-01,AY-0004-T01,511030001,AYACUCHO,VILCAS HUAMAN,CARHUANCA,CARHUANCA,DISTRIBUCION,NO
114,AYA-CONCEPCI-DI-SASXP-01,AY-0095-T01,511040001,AYACUCHO,VILCAS HUAMAN,CONCEPCION,CONCEPCION,DISTRIBUCION,NO
115,AYA-HUAMBALP-DI-SASXP-01,AY-0168-T01,511050001,AYACUCHO,VILCAS HUAMAN,HUAMBALPA,HUAMBALPA,DISTRIBUCION,NO
116,AYA-PHUALLHU-DI-SASXP-01,AY-0208-T01,511060001,AYACUCHO,VILCAS HUAMAN,INDEPENDENCIA,NUEVO PACCHA HUALLHUA,DISTRIBUCION,NO
117,AYA-SAURAMA-DI-SASXP-01,AY-0008-T01,511070001,AYACUCHO,VILCAS HUAMAN,SAURAMA,SAURAMA,DISTRIBUCION,NO
"118,AYA-VILCASHU-AG-SAS6-01,AY-0352-T01,511010001,AYACUCHO,VILCAS HUAMAN,VILCAS HUAMAN,VILCAS HUAMAN,AGREGACION
,NO"
119,AYA-VISCHONG-DI-SASXP-01,AY-0357-T01,511080001,AYACUCHO,VILCAS HUAMAN,VISCHONGO,VISCHONGO,DISTRIBUCION,NO
"1,HNV-ACOBAMBA-AG-SAS6-01,HC-0003-T01,902010001,HUANCAVELICA,ACOBAMBA,ACOBAMBA,ACOBAMBA,AGREGACION
,SI"
2,HNV-ANDABAMB-DI-SAXP-01,HC-0016-T01,902020001,HUANCAVELICA,ACOBAMBA,ANDABAMBA,ANDABAMBA,DISTRIBUCION,SI
3,HNV-ANTA-DI-SAXP-01,HC-0018-T01,902030001,HUANCAVELICA,ACOBAMBA,ANTA,ANTA,DISTRIBUCION,SI
4,HNV-CAJA-DI-SAXP-01,HC-0042-T01,902040001,HUANCAVELICA,ACOBAMBA,CAJA,CAJA,DISTRIBUCION,SI
5,HNV-MARCAS-DI-SAXP-01,HC-0175-T01,902050001,HUANCAVELICA,ACOBAMBA,MARCAS,MARCAS,DISTRIBUCION,SI
6,HNV-PAUCARA-DI-SAXP-01,HC-0228-T01,902060001,HUANCAVELICA,ACOBAMBA,PAUCARA,PAUCARA,DISTRIBUCION,SI
7,HNV-CHOCLOCO-CNX-SAXP-01,HC-0080-T01,902070008,HUANCAVELICA,ACOBAMBA,POMACOCHA,CHOCLOCOCHA,CONEXION,NO
8,HNV-POMACOCH-DI-SAXP-01,HC-0239-T01,902070001,HUANCAVELICA,ACOBAMBA,POMACOCHA,POMACOCHA,DISTRIBUCION,SI
9,HNV-ROSARIO-DI-SAXP-01,HC-0259-T01,902080001,HUANCAVELICA,ACOBAMBA,ROSARIO,ROSARIO,DISTRIBUCION,NO
10,HNV-ANCHONGA-DI-SAXP-01,HC-0015-T01,903020001,HUANCAVELICA,ANGARAES,ANCHONGA,ANCHONGA,DISTRIBUCION,NO
11,HNV-CALLANMA-DI-SAXP-01,HC-0043-T01,903030001,HUANCAVELICA,ANGARAES,CALLANMARCA,CALLANMARCA,DISTRIBUCION,SI
12,HNV-CCOCHACC-DI-SAXP-01,HC-0058-T01,903040001,HUANCAVELICA,ANGARAES,CCOCHACCASA,CCOCHACCASA,DISTRIBUCION,NO
13,HNV-CONGALLA-DI-SAXP-01,HC-0099-T01,903060001,HUANCAVELICA,ANGARAES,CONGALLA,CONGALLA,DISTRIBUCION,SI
14,HNV-HUANCAHU-DI-SAXP-01,HC-0119-T01,903070001,HUANCAVELICA,ANGARAES,HUANCA-HUANCA,HUANCA HUANCA,DISTRIBUCION,NO
15,HNV-HUAYLLAY-DI-SAXP-01,HC-0137-T01,903080001,HUANCAVELICA,ANGARAES,HUAYLLAY GRANDE,HUAYLLAY GRANDE,DISTRIBUCION,SI
16,HNV-JULCAMAR-DI-SAXP-01,HC-0151-T01,903090001,HUANCAVELICA,ANGARAES,JULCAMARCA,JULCAMARCA,DISTRIBUCION,NO
"17,HNV-LIRCAY-AG-SAS6-01,HC-0163-T01,903010001,HUANCAVELICA,ANGARAES,LIRCAY,LIRCAY,AGREGACION
,SI"
18,HNV-ANTAPARC-DI-SAXP-01,HC-0024-T01,903100001,HUANCAVELICA,ANGARAES,SAN ANTONIO DE ANTAPARCO,ANTAPARCO,DISTRIBUCION,NO
19,HNV-SNTPATA-DI-SAXP-01,HC-0309-T01,903110001,HUANCAVELICA,ANGARAES,SANTO TOMAS DE PATA,SANTO TOMAS DE PATA,DISTRIBUCION,NO
20,HNV-SECCLLA-DI-SAXP-01,HC-0310-T01,903120001,HUANCAVELICA,ANGARAES,SECCLLA,SECCLLA,DISTRIBUCION,SI
21,HNV-ARMA-DI-SAXP-01,HC-0028-T01,904020001,HUANCAVELICA,CASTROVIRREYNA,ARMA,ARMA,DISTRIBUCION,SI
22,HNV-AURAHUA-DI-SAXP-01,HC-0032-T01,904030001,HUANCAVELICA,CASTROVIRREYNA,AURAHUA,AURAHUA,DISTRIBUCION,SI
23,HNV-CAPILLAS-DI-SAXP-01,HC-0044-T01,904040001,HUANCAVELICA,CASTROVIRREYNA,CAPILLAS,CAPILLAS,DISTRIBUCION,NO
"24,HNV-CASTROVI-AG-SAS6-01,HC-0050-T01,904010001,HUANCAVELICA,CASTROVIRREYNA,CASTROVIRREYNA,CASTROVIRREYNA,AGREGACION
,NO"
25,HNV-CHUPAMAR-DI-SAXP-01,HC-0087-T01,904050001,HUANCAVELICA,CASTROVIRREYNA,CHUPAMARCA,CHUPAMARCA,DISTRIBUCION,SI
26,HNV-COCAS-DI-SAXP-01,HC-0092-T01,904060001,HUANCAVELICA,CASTROVIRREYNA,COCAS,COCAS,DISTRIBUCION,NO
27,HNV-HUACHOS-DI-SAXP-01,HC-0114-T01,904070001,HUANCAVELICA,CASTROVIRREYNA,HUACHOS,HUACHOS,DISTRIBUCION,NO
28,HNV-HUAMATAM-DI-SAXP-01,HC-0116-T01,904080001,HUANCAVELICA,CASTROVIRREYNA,HUAMATAMBO,HUAMATAMBO,DISTRIBUCION,NO
29,HNV-MOLLEPAM-DI-SAXP-01,HC-0183-T01,904090001,HUANCAVELICA,CASTROVIRREYNA,MOLLEPAMPA,MOLLEPAMPA,DISTRIBUCION,NO
30,HNV-SANJUAN-DI-SAXP-01,HC-0276-T01,904100001,HUANCAVELICA,CASTROVIRREYNA,SAN JUAN,SAN JUAN,DISTRIBUCION,SI
31,HNV-SANTAANA-DI-SAXP-01,HC-0292-T01,904110001,HUANCAVELICA,CASTROVIRREYNA,SANTA ANA,SANTA ANA,DISTRIBUCION,NO
32,HNV-TANTARA-DI-SAXP-01,HC-0322-T01,904120001,HUANCAVELICA,CASTROVIRREYNA,TANTARA,TANTARA,DISTRIBUCION,SI
33,HNV-TICRAPO-DI-SAXP-01,HC-0325-T01,904130001,HUANCAVELICA,CASTROVIRREYNA,TICRAPO,TICRAPO,DISTRIBUCION,NO
34,HNV-LAESMERA-DI-SAXP-01,HC-0152-T01,905020001,HUANCAVELICA,CHURCAMPA,ANCO,LA ESMERALDA (ANCO),DISTRIBUCION,SI
35,HNV-CHINCHIH-DI-SAXP-01,HC-0078-T01,905030001,HUANCAVELICA,CHURCAMPA,CHINCHIHUASI,CHINCHIHUASI,DISTRIBUCION,NO
"36,HNV-CHURCAMP-AG-SAS6-01,HC-0089-T01,905010001,HUANCAVELICA,CHURCAMPA,CHURCAMPA,CHURCAMPA,AGREGACION
,SI"
37,HNV-COSME-DI-SAXP-01,HC-0293-T01,905110001,HUANCAVELICA,CHURCAMPA,COSME,SANTA CLARA DE COSME,DISTRIBUCION,NO
38,HNV-PAUCRBMB-DI-SAXP-01,HC-0230-T01,905040001,HUANCAVELICA,CHURCAMPA,EL CARMEN,PAUCARBAMBILLA (EL CARMEN),DISTRIBUCION,NO
39,HNV-LOCROJA-DI-SAXP-01,HC-0170-T01,905060001,HUANCAVELICA,CHURCAMPA,LOCROJA,LOCROJA,DISTRIBUCION,NO
40,HNV-PACHAMAR-DI-SAXP-01,HC-0203-T01,905100001,HUANCAVELICA,CHURCAMPA,PACHAMARCA,PACHAMARCA,DISTRIBUCION,NO
41,HNV-PAUCRBAM-DI-SAXP-01,HC-0229-T01,905070001,HUANCAVELICA,CHURCAMPA,PAUCARBAMBA,PAUCARBAMBA,DISTRIBUCION,NO
42,HNV-MAYOCC-DI-SAXP-01,HC-0179-T01,905080001,HUANCAVELICA,CHURCAMPA,SAN MIGUEL DE MAYOCC,MAYOCC,DISTRIBUCION,SI
43,HNV-SNPCORIS-DI-SAXP-01,HC-0289-T01,905090001,HUANCAVELICA,CHURCAMPA,SAN PEDRO DE CORIS,SAN PEDRO DE CORIS,DISTRIBUCION,NO
44,HNV-ACOBAMBI-DI-SAXP-01,HC-0004-T01,901020001,HUANCAVELICA,HUANCAVELICA,ACOBAMBILLA,ACOBAMBILLA,DISTRIBUCION,NO
45,HNV-ACORIA-DI-SAXP-01,HC-0006-T01,901030001,HUANCAVELICA,HUANCAVELICA,ACORIA,ACORIA,DISTRIBUCION,SI
46,HNV-ASCENSIO-DI-SAXP-01,HC-0030-T01,901180001,HUANCAVELICA,HUANCAVELICA,ASCENSION,ASCENSION,DISTRIBUCION,SI
47,HNV-CONAYCA-DI-SAXP-01,HC-0096-T01,901040001,HUANCAVELICA,HUANCAVELICA,CONAYCA,CONAYCA,DISTRIBUCION,NO
48,HNV-CUENCA-DI-SAXP-01,HC-0103-T01,901050001,HUANCAVELICA,HUANCAVELICA,CUENCA,CUENCA,DISTRIBUCION,SI
49,HNV-HNVHUACH-DI-SAXP-01,HC-0112-T01,901060001,HUANCAVELICA,HUANCAVELICA,HUACHOCOLPA,HUACHOCOLPA (@HUANCAVELICA),DISTRIBUCION,NO
50,HNV-TCORE-BR-SRa4-01,HC-0121-BR01,901010001,HUANCAVELICA,HUANCAVELICA,HUANCAVELICA,HUANCAVELICA,CORE ,SI
51,HNV-TCORE-BR-SRa4-02,HC-0121-BR02,901010001,HUANCAVELICA,HUANCAVELICA,HUANCAVELICA,HUANCAVELICA,CORE ,SI
52,HNV-TCORE-CR-SRa4-01,HC-0121-CR01,901010001,HUANCAVELICA,HUANCAVELICA,HUANCAVELICA,HUANCAVELICA,CORE ,SI
53,HNV-TCORE-CR-SRa4-02,HC-0121-CR02,901010001,HUANCAVELICA,HUANCAVELICA,HUANCAVELICA,HUANCAVELICA,CORE ,SI
54,HNV-TCORE-SW-SRa8-01,HC-0121-SW01,901010001,HUANCAVELICA,HUANCAVELICA,HUANCAVELICA,HUANCAVELICA,CORE ,SI
55,HNV-TCORE-SW-SRa8-02,HC-0121-SW02,901010001,HUANCAVELICA,HUANCAVELICA,HUANCAVELICA,HUANCAVELICA,CORE ,SI
56,HNV-HUAYLLAH-DI-SAXP-01,HC-0134-T01,901070001,HUANCAVELICA,HUANCAVELICA,HUAYLLAHUARA,HUAYLLAHUARA,DISTRIBUCION,NO
57,HNV-IZCUCHAC-DI-SAXP-01,HC-0148-T01,901080001,HUANCAVELICA,HUANCAVELICA,IZCUCHACA,IZCUCHACA,DISTRIBUCION,SI
58,HNV-LARIA-DI-SAXP-01,HC-0160-T01,901090001,HUANCAVELICA,HUANCAVELICA,LARIA,LARIA,DISTRIBUCION,NO
59,HNV-MANTA-DI-SAXP-01,HC-0174-T01,901100001,HUANCAVELICA,HUANCAVELICA,MANTA,MANTA,DISTRIBUCION,NO
60,HNV-MARISCAL-DI-SAXP-01,HC-0177-T01,901110001,HUANCAVELICA,HUANCAVELICA,MARISCAL CACERES,MARISCAL CACERES,DISTRIBUCION,SI
61,HNV-MOYA-DI-SAXP-01,HC-0186-T01,901120001,HUANCAVELICA,HUANCAVELICA,MOYA,MOYA,DISTRIBUCION,SI
62,HNV-OCCORO-DI-SAXP-01,HC-0196-T01,901130001,HUANCAVELICA,HUANCAVELICA,NUEVO OCCORO,OCCORO,DISTRIBUCION,NO
63,HNV-PALCA-DI-SAXP-01,HC-0206-T01,901140001,HUANCAVELICA,HUANCAVELICA,PALCA,PALCA,DISTRIBUCION,NO
64,HNV-PILCHACA-DI-SAXP-01,HC-0235-T01,901150001,HUANCAVELICA,HUANCAVELICA,PILCHACA,PILCHACA,DISTRIBUCION,SI
65,HNV-VILCA-DI-SAXP-01,HC-0345-T01,901160001,HUANCAVELICA,HUANCAVELICA,VILCA,VILCA,DISTRIBUCION,SI
66,HNV-YAULI-DI-SAXP-01,HC-0367-T01,901170001,HUANCAVELICA,HUANCAVELICA,YAULI,YAULI,DISTRIBUCION,SI
67,HNV-AYAVI-DI-SAXP-01,HC-0038-T01,906020001,HUANCAVELICA,HUAYTARA,AYAVI,AYAVI,DISTRIBUCION,NO
68,HNV-CORDOVA-DI-SAXP-01,HC-0101-T01,906030001,HUANCAVELICA,HUAYTARA,CORDOVA,CORDOVA,DISTRIBUCION,NO
69,HNV-HUAYACUN-DI-SAXP-01,HC-0130-T01,906040001,HUANCAVELICA,HUAYTARA,HUAYACUNDO ARMA,HUAYACUNDO ARMA,DISTRIBUCION,NO
"70,HNV-HUAYTARA-AG-SAS6-01,HC-0138-T01,906010001,HUANCAVELICA,HUAYTARA,HUAYTARA,HUAYTARA,AGREGACION
,NO"
71,HNV-LARAMARC-DI-SAXP-01,HC-0158-T01,906050001,HUANCAVELICA,HUAYTARA,LARAMARCA,LARAMARCA,DISTRIBUCION,NO
72,HNV-OCOYO-DI-SAXP-01,HC-0200-T01,906060001,HUANCAVELICA,HUAYTARA,OCOYO,OCOYO,DISTRIBUCION,NO
73,HNV-PILPICHA-DI-SAXP-01,HC-0236-T01,906070001,HUANCAVELICA,HUAYTARA,PILPICHACA,PILPICHACA,DISTRIBUCION,NO
74,HNV-QUERCO-DI-SAXP-01,HC-0249-T01,906080001,HUANCAVELICA,HUAYTARA,QUERCO,QUERCO,DISTRIBUCION,NO
75,HNV-QUITOARM-DI-SAXP-01,HC-0257-T01,906090001,HUANCAVELICA,HUAYTARA,QUITO-ARMA,QUITO ARMA,DISTRIBUCION,NO
76,HNV-CUSICANC-DI-SAXP-01,HC-0106-T01,906100001,HUANCAVELICA,HUAYTARA,SAN ANTONIO DE CUSICANCHA,CUSICANCHA,DISTRIBUCION,NO
77,HNV-SANGALLA-DI-SAXP-01,HC-0269-T01,906110001,HUANCAVELICA,HUAYTARA,SAN FRANCISCO DE SANGAYAICO,SAN FRANCISCO DE SANGALLAICO,DISTRIBUCION,NO
78,HNV-SNJHUIRP-DI-SAXP-01,HC-0279-T01,906120001,HUANCAVELICA,HUAYTARA,SAN ISIDRO,SAN JUAN DE HUIRPACANCHA,DISTRIBUCION,NO
79,HNV-CHOCORVO-DI-SAXP-01,HC-0305-T01,906130001,HUANCAVELICA,HUAYTARA,SANTIAGO DE CHOCORVOS,SANTIAGO DE CHOCORVOS,DISTRIBUCION,NO
80,HNV-QUIRAHUA-DI-SAXP-01,HC-0306-T01,906140001,HUANCAVELICA,HUAYTARA,SANTIAGO DE QUIRAHUARA,SANTIAGO DE QUIRAHUARA,DISTRIBUCION,NO
81,HNV-DOMCAPIL-DI-SAXP-01,HC-0308-T01,906150001,HUANCAVELICA,HUAYTARA,SANTO DOMINGO DE CAPILLAS,SANTO DOMINGO DE CAPILLAS,DISTRIBUCION,NO
82,HNV-TAMBO-DI-SAXP-01,HC-0319-T01,906160001,HUANCAVELICA,HUAYTARA,TAMBO,TAMBO,DISTRIBUCION,NO
83,HNV-ACOSTAMB-DI-SAXP-01,HC-0007-T01,907020001,HUANCAVELICA,TAYACAJA,ACOSTAMBO,ACOSTAMBO,DISTRIBUCION,SI
84,HNV-ACRAQUIA-DI-SAXP-01,HC-0008-T01,907030001,HUANCAVELICA,TAYACAJA,ACRAQUIA,ACRAQUIA,DISTRIBUCION,SI
85,HNV-AHUAYCHA-DI-SAXP-01,HC-0009-T01,907040001,HUANCAVELICA,TAYACAJA,AHUAYCHA,AHUAYCHA,DISTRIBUCION,SI
86,HNV-COLCABAM-DI-SAXP-01,HC-0094-T01,907050001,HUANCAVELICA,TAYACAJA,COLCABAMBA,COLCABAMBA,DISTRIBUCION,NO
"87,HNV-OCCORO-AG-SAS6-01,HC-0199-T01,907050088,HUANCAVELICA,TAYACAJA,COLCABAMBA,OCORO,AGREGACION
,NO"
88,HNV-DANIELHE-DI-SAXP-01,HC-0176-T01,907060001,HUANCAVELICA,TAYACAJA,DANIEL HERNANDEZ,MARISCAL CACERES,DISTRIBUCION,SI
89,HNV-TYJHUACH-DI-SAXP-01,HC-0113-T01,907070001,HUANCAVELICA,TAYACAJA,HUACHOCOLPA,HUACHOCOLPA (@TAYACAJA),DISTRIBUCION,NO
90,HNV-HUARIBAM-DI-SAXP-01,HC-0125-T01,907090001,HUANCAVELICA,TAYACAJA,HUARIBAMBA,HUARIBAMBA,DISTRIBUCION,SI
91,HNV-NAHUIMPU-DI-SAXP-01,HC-0193-T01,907100001,HUANCAVELICA,TAYACAJA,헤HUIMPUQUIO,헤HUIMPUQUIO,DISTRIBUCION,SI
"92,HNV-PAMPAS-AG-SAS6-01,HC-0218-T01,907010001,HUANCAVELICA,TAYACAJA,PAMPAS,PAMPAS,AGREGACION
,SI"
93,HNV-TUCUMA-DI-SAXP-01,HC-0307-T01,907010007,HUANCAVELICA,TAYACAJA,PAMPAS,SANTIAGO DE TUCUMA,DISTRIBUCION,NO
94,HNV-PAZOS-DI-SAXP-01,HC-0231-T01,907110001,HUANCAVELICA,TAYACAJA,PAZOS,PAZOS,DISTRIBUCION,SI
95,HNV-QUISHUAR-DI-SAXP-01,HC-0256-T01,907130001,HUANCAVELICA,TAYACAJA,QUISHUAR,QUISHUAR,DISTRIBUCION,NO
96,HNV-SALCABAM-DI-SAXP-01,HC-0263-T01,907140001,HUANCAVELICA,TAYACAJA,SALCABAMBA,SALCABAMBA,DISTRIBUCION,NO
97,HNV-SALCAHUA-DI-SAXP-01,HC-0264-T01,907150001,HUANCAVELICA,TAYACAJA,SALCAHUASI,SALCAHUASI,DISTRIBUCION,NO
98,HNV-SNMROCCH-DI-SAXP-01,HC-0283-T01,907160001,HUANCAVELICA,TAYACAJA,SAN MARCOS DE ROCCHAC,SAN MARCOS DE ROCCHAC,DISTRIBUCION,NO
99,HNV-SURCUBAM-DI-SAXP-01,HC-0315-T01,907170001,HUANCAVELICA,TAYACAJA,SURCUBAMBA,SURCUBAMBA,DISTRIBUCION,NO
100,HNV-TINTAY-DI-SAXP-01,HC-0327-T01,907180001,HUANCAVELICA,TAYACAJA,TINTAY PUNCU,TINTAY,DISTRIBUCION,NO
